descriptor,pca,family,classifier,soft,strict
Ord_PI,10,RF,RF_n200,95.7072,70.3236
Ord_PI,10,RF,RF_n500,95.3170,70.3255
Ord_PI,10,RF,ET_n200,94.5365,68.9549
Ord_PI,10,RF,ET_n500,93.9520,68.5589
Ord_PI,10,RF,RF_log2,95.7072,70.3236
Ord_PI,10,SVM,SVM_lin,95.3113,68.7512
Ord_PI,10,SVM,SVM_rbf,72.2616,26.3640
Ord_PI,10,SVM,SVM_rbf_C2,73.2324,25.7815
Ord_PI,10,SVM,SVM_poly3,73.2439,27.1464
Ord_PI,10,SVM,SVM_sigmoid,72.8574,25.9737
Ord_PI,10,NNET,MLP_128_64,90.2475,53.5427
Ord_PI,10,NNET,MLP_256_128_64,94.7268,62.7032
Ord_PI,10,NNET,MLP_512,92.9716,56.4439
Ord_PI,10,NNET,MLP_tanh,91.2164,59.7754
Ord_PI,10,NNET,MLP_sgd,80.6530,32.8079
Ord_PI,10,BST,AdaBoost,89.6440,55.6482
Ord_PI,10,BST,GBM,94.3385,65.6368
Ord_PI,10,BST,HistGBM,94.9305,66.4268
Ord_PI,10,BST,XGB,94.9286,67.7860
Ord_PI,10,BST,LGBM,94.9324,65.4426
Ord_PI,10,BAG,Bag_DT,95.1228,68.9511
Ord_PI,10,BAG,Bag_KNN,94.9267,67.5899
Ord_PI,10,BAG,Bag_SVM,72.6537,26.7561
Ord_PI,10,BAG,Bag_MLP,94.3423,66.0366
Ord_PI,10,BAG,Bag_LR,94.3404,67.1978
Ord_PI,20,RF,RF_n200,96.0918,69.7259
Ord_PI,20,RF,RF_n500,96.6762,71.2907
Ord_PI,20,RF,ET_n200,95.6996,73.4380
Ord_PI,20,RF,ET_n500,95.6996,72.8498
Ord_PI,20,RF,RF_log2,96.0918,69.7259
Ord_PI,20,SVM,SVM_lin,94.9229,70.9004
Ord_PI,20,SVM,SVM_rbf,91.5877,45.4997
Ord_PI,20,SVM,SVM_rbf_C2,92.3701,51.1650
Ord_PI,20,SVM,SVM_poly3,73.6341,26.9503
Ord_PI,20,SVM,SVM_sigmoid,88.4523,41.9703
Ord_PI,20,NNET,MLP_128_64,93.7483,59.7582
Ord_PI,20,NNET,MLP_256_128_64,94.1424,61.9151
Ord_PI,20,NNET,MLP_512,94.1367,60.5483
Ord_PI,20,NNET,MLP_tanh,91.4011,63.2743
Ord_PI,20,NNET,MLP_sgd,89.0520,49.2024
Ord_PI,20,BST,AdaBoost,94.5288,56.8532
Ord_PI,20,BST,GBM,95.1209,66.8190
Ord_PI,20,BST,HistGBM,94.7306,68.9606
Ord_PI,20,BST,XGB,94.5346,67.3996
Ord_PI,20,BST,LGBM,95.7034,70.1314
Ord_PI,20,BAG,Bag_DT,96.6781,69.3451
Ord_PI,20,BAG,Bag_KNN,94.7211,66.5981
Ord_PI,20,BAG,Bag_SVM,91.1955,47.8469
Ord_PI,20,BAG,Bag_MLP,95.5111,66.2193
Ord_PI,20,BAG,Bag_LR,94.1386,69.5450
Ord_PI,30,RF,RF_n200,96.6743,70.6948
Ord_PI,30,RF,RF_n500,96.8704,71.2812
Ord_PI,30,RF,ET_n200,95.5073,70.7006
Ord_PI,30,RF,ET_n500,95.7015,71.4773
Ord_PI,30,RF,RF_log2,96.4782,70.3046
Ord_PI,30,SVM,SVM_lin,95.9033,67.7822
Ord_PI,30,SVM,SVM_rbf,95.5073,55.2827
Ord_PI,30,SVM,SVM_rbf_C2,95.8957,60.3617
Ord_PI,30,SVM,SVM_poly3,73.0478,26.3621
Ord_PI,30,SVM,SVM_sigmoid,94.3366,52.7375
Ord_PI,30,NNET,MLP_128_64,93.1696,58.7893
Ord_PI,30,NNET,MLP_256_128_64,95.5111,68.5684
Ord_PI,30,NNET,MLP_512,95.3189,62.3092
Ord_PI,30,NNET,MLP_tanh,93.9539,64.0643
Ord_PI,30,NNET,MLP_sgd,88.8578,52.9164
Ord_PI,30,BST,AdaBoost,94.9191,59.5945
Ord_PI,30,BST,GBM,95.1152,66.4154
Ord_PI,30,BST,HistGBM,96.2935,66.9941
Ord_PI,30,BST,XGB,94.5307,66.8056
Ord_PI,30,BST,LGBM,95.7034,68.9530
Ord_PI,30,BAG,Bag_DT,96.0975,65.8271
Ord_PI,30,BAG,Bag_KNN,94.7325,64.0567
Ord_PI,30,BAG,Bag_SVM,95.8976,54.6945
Ord_PI,30,BAG,Bag_MLP,94.1748,65.0485
Ord_PI,30,BAG,Bag_LR,93.1639,65.4369
Ord_PI,50,RF,RF_n200,96.0918,71.6771
Ord_PI,50,RF,RF_n500,96.4820,71.0984
Ord_PI,50,RF,ET_n200,95.7091,70.3084
Ord_PI,50,RF,ET_n500,96.0975,71.4830
Ord_PI,50,RF,RF_log2,96.0899,71.6771
Ord_PI,50,SVM,SVM_lin,96.0994,70.7101
Ord_PI,50,SVM,SVM_rbf,94.3366,59.5888
Ord_PI,50,SVM,SVM_rbf_C2,94.7268,62.5148
Ord_PI,50,SVM,SVM_poly3,72.8517,24.6107
Ord_PI,50,SVM,SVM_sigmoid,94.9191,60.7539
Ord_PI,50,NNET,MLP_128_64,93.1677,61.3345
Ord_PI,50,NNET,MLP_256_128_64,93.1620,62.6956
Ord_PI,50,NNET,MLP_512,94.9305,63.1144
Ord_PI,50,NNET,MLP_tanh,92.3986,61.3364
Ord_PI,50,NNET,MLP_sgd,87.1140,50.4074
Ord_PI,50,BST,AdaBoost,95.7015,59.9581
Ord_PI,50,BST,GBM,95.3151,67.5804
Ord_PI,50,BST,HistGBM,95.3170,68.7550
Ord_PI,50,BST,XGB,94.9191,68.7626
Ord_PI,50,BST,LGBM,95.7053,70.3198
Ord_PI,50,BAG,Bag_DT,95.7072,68.9568
Ord_PI,50,BAG,Bag_KNN,96.4896,67.9745
Ord_PI,50,BAG,Bag_SVM,95.1190,60.7615
Ord_PI,50,BAG,Bag_MLP,96.4052,68.3007
Ord_PI,50,BAG,Bag_LR,95.1228,67.2016
Ord_PI,75,RF,RF_n200,95.3132,71.8827
Ord_PI,75,RF,RF_n500,95.3113,72.2692
Ord_PI,75,RF,ET_n200,94.7306,70.7120
Ord_PI,75,RF,ET_n500,94.9286,70.7120
Ord_PI,75,RF,RF_log2,96.0956,72.2730
Ord_PI,75,SVM,SVM_lin,96.6819,66.4021
Ord_PI,75,SVM,SVM_rbf,95.5130,64.0853
Ord_PI,75,SVM,SVM_rbf_C2,95.7091,66.4287
Ord_PI,75,SVM,SVM_poly3,73.6303,23.4361
Ord_PI,75,SVM,SVM_sigmoid,96.0956,65.4464
Ord_PI,75,NNET,MLP_128_64,92.4005,59.7982
Ord_PI,75,NNET,MLP_256_128_64,94.1462,64.6621
Ord_PI,75,NNET,MLP_512,93.7483,62.9031
Ord_PI,75,NNET,MLP_tanh,91.4125,64.2623
Ord_PI,75,NNET,MLP_sgd,94.1500,59.3946
Ord_PI,75,BST,AdaBoost,95.5073,59.7735
Ord_PI,75,BST,GBM,94.7306,65.6368
Ord_PI,75,BST,HistGBM,95.1209,69.1491
Ord_PI,75,BST,XGB,95.3113,67.7822
Ord_PI,75,BST,LGBM,95.5092,68.1687
Ord_PI,75,BAG,Bag_DT,96.1013,68.1744
Ord_PI,75,BAG,Bag_KNN,94.7363,69.5222
Ord_PI,75,BAG,Bag_SVM,95.7091,63.4932
Ord_PI,75,BAG,Bag_MLP,95.9052,69.9315
Ord_PI,75,BAG,Bag_LR,94.3385,66.2231
Ord_PI,100,RF,RF_n200,95.3151,71.0965
Ord_PI,100,RF,RF_n500,95.8976,71.8808
Ord_PI,100,RF,ET_n200,95.5111,69.3356
Ord_PI,100,RF,ET_n500,95.1209,69.1414
Ord_PI,100,RF,RF_log2,96.0918,71.6771
Ord_PI,100,SVM,SVM_lin,96.4915,68.3533
Ord_PI,100,SVM,SVM_rbf,95.7072,63.5009
Ord_PI,100,SVM,SVM_rbf_C2,95.7072,65.4464
Ord_PI,100,SVM,SVM_poly3,73.6303,23.2420
Ord_PI,100,SVM,SVM_sigmoid,96.4839,69.3432
Ord_PI,100,NNET,MLP_128_64,92.3872,62.9031
Ord_PI,100,NNET,MLP_256_128_64,94.5384,64.4584
Ord_PI,100,NNET,MLP_512,93.5580,62.5014
Ord_PI,100,NNET,MLP_tanh,91.4087,62.5033
Ord_PI,100,NNET,MLP_sgd,91.2164,58.7969
Ord_PI,100,BST,AdaBoost,94.3347,56.0784
Ord_PI,100,BST,GBM,95.7072,67.9840
Ord_PI,100,BST,HistGBM,95.8995,67.7803
Ord_PI,100,BST,XGB,95.5111,69.5450
Ord_PI,100,BST,LGBM,95.1209,69.7354
Ord_PI,100,BAG,Bag_DT,96.0994,70.5140
Ord_PI,100,BAG,Bag_KNN,95.9071,67.9764
Ord_PI,100,BAG,Bag_SVM,95.9052,63.8873
Ord_PI,100,BAG,Bag_MLP,95.7034,67.9669
Ord_PI,100,BAG,Bag_LR,95.8976,64.8487
Inter_PI,10,RF,RF_n200,94.1405,66.0194
Inter_PI,10,RF,RF_n500,93.9501,67.1978
Inter_PI,10,RF,ET_n200,92.7775,66.6057
Inter_PI,10,RF,ET_n500,92.7794,66.4135
Inter_PI,10,RF,RF_log2,94.1405,66.0194
Inter_PI,10,SVM,SVM_lin,91.0261,61.1498
Inter_PI,10,SVM,SVM_rbf,70.3141,24.4146
Inter_PI,10,SVM,SVM_rbf_C2,75.7815,34.3613
Inter_PI,10,SVM,SVM_poly3,73.4399,18.7474
Inter_PI,10,SVM,SVM_sigmoid,70.1237,23.0478
Inter_PI,10,NNET,MLP_128_64,87.8907,46.6438
Inter_PI,10,NNET,MLP_256_128_64,91.4144,61.1289
Inter_PI,10,NNET,MLP_512,89.0672,55.0714
Inter_PI,10,NNET,MLP_tanh,89.4632,53.8930
Inter_PI,10,NNET,MLP_sgd,79.8572,31.8313
Inter_PI,10,BST,AdaBoost,88.0849,50.9652
Inter_PI,10,BST,GBM,92.3834,61.3364
Inter_PI,10,BST,HistGBM,93.3600,61.9208
Inter_PI,10,BST,XGB,92.9754,63.8816
Inter_PI,10,BST,LGBM,92.3815,62.3168
Inter_PI,10,BAG,Bag_DT,93.3581,64.8429
Inter_PI,10,BAG,Bag_KNN,92.3891,61.5382
Inter_PI,10,BAG,Bag_SVM,71.2926,24.8049
Inter_PI,10,BAG,Bag_MLP,92.0046,63.2838
Inter_PI,10,BAG,Bag_LR,90.0400,61.1308
Inter_PI,20,RF,RF_n200,94.5326,69.3432
Inter_PI,20,RF,RF_n500,94.5326,69.9277
Inter_PI,20,RF,ET_n200,93.3657,69.7278
Inter_PI,20,RF,ET_n500,93.3676,69.7316
Inter_PI,20,RF,RF_log2,94.5326,69.3432
Inter_PI,20,SVM,SVM_lin,95.1209,70.9138
Inter_PI,20,SVM,SVM_rbf,91.2050,53.3181
Inter_PI,20,SVM,SVM_rbf_C2,91.9874,57.0208
Inter_PI,20,SVM,SVM_poly3,72.8593,18.9435
Inter_PI,20,SVM,SVM_sigmoid,87.4948,47.8393
Inter_PI,20,NNET,MLP_128_64,91.9951,57.6071
Inter_PI,20,NNET,MLP_256_128_64,93.9520,63.2876
Inter_PI,20,NNET,MLP_512,94.3366,61.5172
Inter_PI,20,NNET,MLP_tanh,94.1424,63.2800
Inter_PI,20,NNET,MLP_sgd,90.0362,54.0720
Inter_PI,20,BST,AdaBoost,94.7287,56.8456
Inter_PI,20,BST,GBM,93.7579,67.1883
Inter_PI,20,BST,HistGBM,95.7034,68.5589
Inter_PI,20,BST,XGB,93.9444,69.9258
Inter_PI,20,BST,LGBM,93.9482,68.3609
Inter_PI,20,BAG,Bag_DT,92.3872,68.1553
Inter_PI,20,BAG,Bag_KNN,94.3404,64.8429
Inter_PI,20,BAG,Bag_SVM,90.2284,53.9025
Inter_PI,20,BAG,Bag_MLP,96.2916,68.9511
Inter_PI,20,BAG,Bag_LR,94.5307,69.9258
Inter_PI,30,RF,RF_n200,95.1209,70.7044
Inter_PI,30,RF,RF_n500,94.7287,71.6828
Inter_PI,30,RF,ET_n200,92.5871,71.2926
Inter_PI,30,RF,ET_n500,93.5618,71.2888
Inter_PI,30,RF,RF_log2,94.5346,70.3141
Inter_PI,30,SVM,SVM_lin,94.5384,69.9181
Inter_PI,30,SVM,SVM_rbf,93.1620,56.8399
Inter_PI,30,SVM,SVM_rbf_C2,93.9482,59.9524
Inter_PI,30,SVM,SVM_poly3,72.4634,19.1338
Inter_PI,30,SVM,SVM_sigmoid,90.0400,53.7198
Inter_PI,30,NNET,MLP_128_64,91.2088,59.3566
Inter_PI,30,NNET,MLP_256_128_64,93.9520,65.0504
Inter_PI,30,NNET,MLP_512,94.5288,65.2389
Inter_PI,30,NNET,MLP_tanh,92.5852,60.5597
Inter_PI,30,NNET,MLP_sgd,89.0672,55.2618
Inter_PI,30,BST,AdaBoost,93.3600,58.2105
Inter_PI,30,BST,GBM,93.7559,68.3457
Inter_PI,30,BST,HistGBM,94.9267,69.9219
Inter_PI,30,BST,XGB,93.5542,69.7221
Inter_PI,30,BST,LGBM,94.5346,70.5083
Inter_PI,30,BAG,Bag_DT,94.1443,68.3495
Inter_PI,30,BAG,Bag_KNN,94.5365,64.0624
Inter_PI,30,BAG,Bag_SVM,93.1601,57.2283
Inter_PI,30,BAG,Bag_MLP,96.1165,69.4175
Inter_PI,30,BAG,Bag_LR,93.5561,66.6038
Inter_PI,50,RF,RF_n200,94.7306,71.0965
Inter_PI,50,RF,RF_n500,93.9482,70.7063
Inter_PI,50,RF,ET_n200,92.5928,69.9296
Inter_PI,50,RF,ET_n500,92.9792,70.5121
Inter_PI,50,RF,RF_log2,95.1228,71.8789
Inter_PI,50,SVM,SVM_lin,95.1209,69.1376
Inter_PI,50,SVM,SVM_rbf,92.7737,59.1719
Inter_PI,50,SVM,SVM_rbf_C2,93.7540,62.2977
Inter_PI,50,SVM,SVM_poly3,71.8808,18.3590
Inter_PI,50,SVM,SVM_sigmoid,89.6535,58.0088
Inter_PI,50,NNET,MLP_128_64,90.8262,60.3579
Inter_PI,50,NNET,MLP_256_128_64,92.5757,65.0447
Inter_PI,50,NNET,MLP_512,94.9248,64.6488
Inter_PI,50,NNET,MLP_tanh,93.1696,63.6703
Inter_PI,50,NNET,MLP_sgd,88.8654,57.6090
Inter_PI,50,BST,AdaBoost,92.1854,56.4535
Inter_PI,50,BST,GBM,93.1734,66.0099
Inter_PI,50,BST,HistGBM,94.7268,69.5298
Inter_PI,50,BST,XGB,93.9501,69.7259
Inter_PI,50,BST,LGBM,94.1462,69.7278
Inter_PI,50,BAG,Bag_DT,93.3638,69.9239
Inter_PI,50,BAG,Bag_KNN,94.3385,63.6722
Inter_PI,50,BAG,Bag_SVM,93.1677,59.5603
Inter_PI,50,BAG,Bag_MLP,95.0980,68.6275
Inter_PI,50,BAG,Bag_LR,92.7717,66.4040
Inter_PI,75,RF,RF_n200,94.5384,70.5121
Inter_PI,75,RF,RF_n500,94.3404,71.6886
Inter_PI,75,RF,ET_n200,92.7813,69.9239
Inter_PI,75,RF,ET_n500,93.1734,69.1395
Inter_PI,75,RF,RF_log2,95.3208,71.6848
Inter_PI,75,SVM,SVM_lin,94.7344,66.6019
Inter_PI,75,SVM,SVM_rbf,92.5757,60.7348
Inter_PI,75,SVM,SVM_rbf_C2,93.7521,62.6956
Inter_PI,75,SVM,SVM_poly3,69.7278,19.1453
Inter_PI,75,SVM,SVM_sigmoid,90.8262,60.9347
Inter_PI,75,NNET,MLP_128_64,91.0128,57.4034
Inter_PI,75,NNET,MLP_256_128_64,91.8009,60.9271
Inter_PI,75,NNET,MLP_512,93.7559,63.6741
Inter_PI,75,NNET,MLP_tanh,89.0729,60.1618
Inter_PI,75,NNET,MLP_sgd,89.2500,53.6855
Inter_PI,75,BST,AdaBoost,92.1873,60.7386
Inter_PI,75,BST,GBM,92.9792,69.3318
Inter_PI,75,BST,HistGBM,95.1190,70.5064
Inter_PI,75,BST,XGB,93.7502,71.0889
Inter_PI,75,BST,LGBM,94.9286,70.7044
Inter_PI,75,BAG,Bag_DT,92.9773,68.7531
Inter_PI,75,BAG,Bag_KNN,93.9406,64.2433
Inter_PI,75,BAG,Bag_SVM,92.7737,59.5622
Inter_PI,75,BAG,Bag_MLP,94.3328,66.7904
Inter_PI,75,BAG,Bag_LR,93.7502,65.0257
Inter_PI,100,RF,RF_n200,94.7287,70.1237
Inter_PI,100,RF,RF_n500,94.9248,71.4906
Inter_PI,100,RF,ET_n200,94.3442,68.1630
Inter_PI,100,RF,ET_n500,94.1462,68.3590
Inter_PI,100,RF,RF_log2,95.1209,69.3413
Inter_PI,100,SVM,SVM_lin,94.3423,65.8081
Inter_PI,100,SVM,SVM_rbf,92.3815,61.3211
Inter_PI,100,SVM,SVM_rbf_C2,93.7502,65.2275
Inter_PI,100,SVM,SVM_poly3,69.7278,17.9707
Inter_PI,100,SVM,SVM_sigmoid,91.9951,63.0878
Inter_PI,100,NNET,MLP_128_64,88.0906,55.2579
Inter_PI,100,NNET,MLP_256_128_64,91.7933,62.0959
Inter_PI,100,NNET,MLP_512,93.3619,63.6722
Inter_PI,100,NNET,MLP_tanh,91.0261,62.1074
Inter_PI,100,NNET,MLP_sgd,88.8749,56.8399
Inter_PI,100,BST,AdaBoost,91.7952,55.8690
Inter_PI,100,BST,GBM,92.9697,67.7556
Inter_PI,100,BST,HistGBM,93.7559,69.5355
Inter_PI,100,BST,XGB,94.5307,70.1275
Inter_PI,100,BST,LGBM,94.3404,69.7373
Inter_PI,100,BAG,Bag_DT,93.7579,69.3375
Inter_PI,100,BAG,Bag_KNN,93.5504,62.8917
Inter_PI,100,BAG,Bag_SVM,92.3834,59.9543
Inter_PI,100,BAG,Bag_MLP,93.7483,67.1788
Inter_PI,100,BAG,Bag_LR,93.5580,65.8271
3D_PI,10,RF,RF_n200,95.8957,65.6158
3D_PI,10,RF,RF_n500,96.2878,66.3963
3D_PI,10,RF,ET_n200,95.5073,65.0257
3D_PI,10,RF,ET_n500,95.3113,65.0276
3D_PI,10,RF,RF_log2,95.8957,65.6158
3D_PI,10,SVM,SVM_lin,93.7464,61.5096
3D_PI,10,SVM,SVM_rbf,70.5121,21.2869
3D_PI,10,SVM,SVM_rbf_C2,70.1199,21.6790
3D_PI,10,SVM,SVM_poly3,72.4615,18.7455
3D_PI,10,SVM,SVM_sigmoid,72.2654,22.6461
3D_PI,10,NNET,MLP_128_64,79.4575,40.3941
3D_PI,10,NNET,MLP_256_128_64,79.2804,42.3587
3D_PI,10,NNET,MLP_512,85.1342,47.4281
3D_PI,10,NNET,MLP_tanh,88.2638,53.6855
3D_PI,10,NNET,MLP_sgd,60.9119,23.6322
3D_PI,10,BST,AdaBoost,88.6636,51.7323
3D_PI,10,BST,GBM,94.3347,62.8860
3D_PI,10,BST,HistGBM,95.1171,64.4470
3D_PI,10,BST,XGB,95.1114,65.6215
3D_PI,10,BST,LGBM,94.7249,63.4761
3D_PI,10,BAG,Bag_DT,94.9191,63.6646
3D_PI,10,BAG,Bag_KNN,93.9501,60.1561
3D_PI,10,BAG,Bag_SVM,70.5121,21.2869
3D_PI,10,BAG,Bag_MLP,93.9425,60.7310
3D_PI,10,BAG,Bag_LR,92.9621,61.9018
3D_PI,20,RF,RF_n200,97.2701,71.1003
3D_PI,20,RF,RF_n500,97.0741,70.7082
3D_PI,20,RF,ET_n200,95.9033,68.5494
3D_PI,20,RF,ET_n500,95.9014,68.1630
3D_PI,20,RF,RF_log2,97.2701,71.1003
3D_PI,20,SVM,SVM_lin,95.1209,67.7765
3D_PI,20,SVM,SVM_rbf,72.0655,24.0282
3D_PI,20,SVM,SVM_rbf_C2,74.7858,24.4146
3D_PI,20,SVM,SVM_poly3,71.8732,18.9397
3D_PI,20,SVM,SVM_sigmoid,72.2654,26.1717
3D_PI,20,NNET,MLP_128_64,94.1462,63.4856
3D_PI,20,NNET,MLP_256_128_64,93.7502,61.7266
3D_PI,20,NNET,MLP_512,93.5561,60.9404
3D_PI,20,NNET,MLP_tanh,93.3562,63.6779
3D_PI,20,NNET,MLP_sgd,79.2766,42.5642
3D_PI,20,BST,AdaBoost,93.3638,55.8614
3D_PI,20,BST,GBM,95.9090,69.3337
3D_PI,20,BST,HistGBM,97.0779,69.9219
3D_PI,20,BST,XGB,96.8799,70.9042
3D_PI,20,BST,LGBM,97.0741,69.3280
3D_PI,20,BAG,Bag_DT,96.2935,68.5532
3D_PI,20,BAG,Bag_KNN,93.9539,65.0333
3D_PI,20,BAG,Bag_SVM,73.4380,25.4007
3D_PI,20,BAG,Bag_MLP,95.9014,68.5608
3D_PI,20,BAG,Bag_LR,94.9248,67.9859
3D_PI,30,RF,RF_n200,97.2720,73.6455
3D_PI,30,RF,RF_n500,97.0779,72.8612
3D_PI,30,RF,ET_n200,96.8799,73.2515
3D_PI,30,RF,ET_n500,96.8799,73.4495
3D_PI,30,RF,RF_log2,97.2720,71.8827
3D_PI,30,SVM,SVM_lin,96.2897,73.2439
3D_PI,30,SVM,SVM_rbf,83.1906,39.6440
3D_PI,30,SVM,SVM_rbf_C2,91.9874,51.7552
3D_PI,30,SVM,SVM_poly3,71.6771,18.9377
3D_PI,30,SVM,SVM_sigmoid,76.7504,27.1483
3D_PI,30,NNET,MLP_128_64,92.7813,64.4622
3D_PI,30,NNET,MLP_256_128_64,97.8584,69.7240
3D_PI,30,NNET,MLP_512,96.6819,70.1180
3D_PI,30,NNET,MLP_tanh,94.7363,65.8424
3D_PI,30,NNET,MLP_sgd,90.6339,58.6008
3D_PI,30,BST,AdaBoost,93.5504,59.7658
3D_PI,30,BST,GBM,96.2955,69.3451
3D_PI,30,BST,HistGBM,97.0741,73.2439
3D_PI,30,BST,XGB,97.2720,72.6632
3D_PI,30,BST,LGBM,97.0741,72.2730
3D_PI,30,BAG,Bag_DT,95.9033,69.5317
3D_PI,30,BAG,Bag_KNN,96.6819,68.1630
3D_PI,30,BAG,Bag_SVM,83.9749,39.8344
3D_PI,30,BAG,Bag_MLP,97.5728,75.2427
3D_PI,30,BAG,Bag_LR,96.6800,71.4868
3D_PI,50,RF,RF_n200,96.8799,73.6493
3D_PI,50,RF,RF_n500,97.2739,73.0649
3D_PI,50,RF,ET_n200,96.6876,71.1022
3D_PI,50,RF,ET_n500,96.6876,71.2983
3D_PI,50,RF,RF_log2,97.0741,72.4767
3D_PI,50,SVM,SVM_lin,96.4877,72.6537
3D_PI,50,SVM,SVM_rbf,86.5201,46.4858
3D_PI,50,SVM,SVM_rbf_C2,94.1367,55.2713
3D_PI,50,SVM,SVM_poly3,72.4595,19.7183
3D_PI,50,SVM,SVM_sigmoid,79.3014,31.4373
3D_PI,50,NNET,MLP_128_64,91.4201,59.5945
3D_PI,50,NNET,MLP_256_128_64,94.7268,64.4641
3D_PI,50,NNET,MLP_512,97.2663,70.1199
3D_PI,50,NNET,MLP_tanh,94.3385,65.2218
3D_PI,50,NNET,MLP_sgd,89.6478,57.4205
3D_PI,50,BST,AdaBoost,94.9210,57.2302
3D_PI,50,BST,GBM,96.0975,69.7240
3D_PI,50,BST,HistGBM,97.0741,71.4944
3D_PI,50,BST,XGB,96.8780,71.2945
3D_PI,50,BST,LGBM,96.8780,72.2711
3D_PI,50,BAG,Bag_DT,96.2935,69.5298
3D_PI,50,BAG,Bag_KNN,95.7034,66.7942
3D_PI,50,BAG,Bag_SVM,85.5435,46.4763
3D_PI,50,BAG,Bag_MLP,97.3856,71.2418
3D_PI,50,BAG,Bag_LR,96.4858,71.4925
3D_PI,75,RF,RF_n200,97.4624,72.4691
3D_PI,75,RF,RF_n500,97.4662,73.4552
3D_PI,75,RF,ET_n200,97.0741,70.3217
3D_PI,75,RF,ET_n500,96.4896,69.3413
3D_PI,75,RF,RF_log2,97.2720,71.6981
3D_PI,75,SVM,SVM_lin,97.0721,68.3571
3D_PI,75,SVM,SVM_rbf,88.8578,50.0057
3D_PI,75,SVM,SVM_rbf_C2,93.9425,59.3832
3D_PI,75,SVM,SVM_poly3,72.8498,19.5241
3D_PI,75,SVM,SVM_sigmoid,78.7150,36.3392
3D_PI,75,NNET,MLP_128_64,96.8780,65.4350
3D_PI,75,NNET,MLP_256_128_64,95.9033,68.5513
3D_PI,75,NNET,MLP_512,95.1247,66.0327
3D_PI,75,NNET,MLP_tanh,94.7363,66.6019
3D_PI,75,NNET,MLP_sgd,91.3973,58.7778
3D_PI,75,BST,AdaBoost,93.9406,61.5191
3D_PI,75,BST,GBM,96.0975,69.7259
3D_PI,75,BST,HistGBM,96.4896,72.0769
3D_PI,75,BST,XGB,96.8799,71.6886
3D_PI,75,BST,LGBM,96.6838,71.6790
3D_PI,75,BAG,Bag_DT,96.2897,69.3318
3D_PI,75,BAG,Bag_KNN,94.7249,66.0156
3D_PI,75,BAG,Bag_SVM,89.6516,50.0019
3D_PI,75,BAG,Bag_MLP,97.4624,72.4653
3D_PI,75,BAG,Bag_LR,95.7053,69.7316
3D_PI,100,RF,RF_n200,97.4681,73.0649
3D_PI,100,RF,RF_n500,97.2720,73.8435
3D_PI,100,RF,ET_n200,96.6876,70.5178
3D_PI,100,RF,ET_n500,96.6876,69.5393
3D_PI,100,RF,RF_log2,97.8546,73.2534
3D_PI,100,SVM,SVM_lin,97.0721,71.6771
3D_PI,100,SVM,SVM_rbf,91.7933,51.1784
3D_PI,100,SVM,SVM_rbf_C2,94.5288,61.5325
3D_PI,100,SVM,SVM_poly3,73.0440,19.9143
3D_PI,100,SVM,SVM_sigmoid,79.1072,38.2905
3D_PI,100,NNET,MLP_128_64,92.5909,61.7266
3D_PI,100,NNET,MLP_256_128_64,95.5168,68.1649
3D_PI,100,NNET,MLP_512,97.4624,72.0674
3D_PI,100,NNET,MLP_tanh,94.1500,69.1414
3D_PI,100,NNET,MLP_sgd,91.9989,58.2048
3D_PI,100,BST,AdaBoost,94.3328,60.3408
3D_PI,100,BST,GBM,95.5130,70.3160
3D_PI,100,BST,HistGBM,96.8780,70.5121
3D_PI,100,BST,XGB,97.0702,71.8827
3D_PI,100,BST,LGBM,97.4624,72.0769
3D_PI,100,BAG,Bag_DT,95.8995,69.9219
3D_PI,100,BAG,Bag_KNN,95.8995,66.0156
3D_PI,100,BAG,Bag_SVM,91.4125,51.9589
3D_PI,100,BAG,Bag_MLP,97.8565,71.2869
3D_PI,100,BAG,Bag_LR,96.4896,73.6417
Sixpack_Rips,10,RF,RF_n200,96.1013,70.5178
Sixpack_Rips,10,RF,RF_n500,96.1013,70.1294
Sixpack_Rips,10,RF,ET_n200,94.9229,69.1433
Sixpack_Rips,10,RF,ET_n500,94.9229,69.7316
Sixpack_Rips,10,RF,RF_log2,96.1013,70.5178
Sixpack_Rips,10,SVM,SVM_lin,95.9033,68.9568
Sixpack_Rips,10,SVM,SVM_rbf,76.1679,33.5922
Sixpack_Rips,10,SVM,SVM_rbf_C2,84.7744,37.1159
Sixpack_Rips,10,SVM,SVM_poly3,74.0225,25.9699
Sixpack_Rips,10,SVM,SVM_sigmoid,75.5892,33.0097
Sixpack_Rips,10,NNET,MLP_128_64,94.1405,62.7127
Sixpack_Rips,10,NNET,MLP_256_128_64,93.7617,65.0524
Sixpack_Rips,10,NNET,MLP_512,94.7306,62.8936
Sixpack_Rips,10,NNET,MLP_tanh,94.9248,64.8601
Sixpack_Rips,10,NNET,MLP_sgd,94.7306,60.1694
Sixpack_Rips,10,BST,AdaBoost,91.2241,55.8614
Sixpack_Rips,10,BST,GBM,94.9248,66.2193
Sixpack_Rips,10,BST,HistGBM,96.0918,69.1491
Sixpack_Rips,10,BST,XGB,95.3113,68.3705
Sixpack_Rips,10,BST,LGBM,95.7034,68.3705
Sixpack_Rips,10,BAG,Bag_DT,95.9052,70.1352
Sixpack_Rips,10,BAG,Bag_KNN,95.1171,68.9473
Sixpack_Rips,10,BAG,Bag_SVM,77.3444,33.9806
Sixpack_Rips,10,BAG,Bag_MLP,94.9305,67.2016
Sixpack_Rips,10,BAG,Bag_LR,93.7636,64.6697
Sixpack_Rips,20,RF,RF_n200,96.2916,71.6848
Sixpack_Rips,20,RF,RF_n500,95.7053,71.2983
Sixpack_Rips,20,RF,ET_n200,95.3113,72.6651
Sixpack_Rips,20,RF,ET_n500,94.9191,70.7082
Sixpack_Rips,20,RF,RF_log2,96.2916,71.6848
Sixpack_Rips,20,SVM,SVM_lin,96.4820,66.8018
Sixpack_Rips,20,SVM,SVM_rbf,79.4974,35.1628
Sixpack_Rips,20,SVM,SVM_rbf_C2,88.2886,41.8009
Sixpack_Rips,20,SVM,SVM_poly3,74.0187,27.1388
Sixpack_Rips,20,SVM,SVM_sigmoid,75.7757,33.5846
Sixpack_Rips,20,NNET,MLP_128_64,93.1753,60.9690
Sixpack_Rips,20,NNET,MLP_256_128_64,95.7053,67.5880
Sixpack_Rips,20,NNET,MLP_512,95.5092,67.9764
Sixpack_Rips,20,NNET,MLP_tanh,94.3423,66.8075
Sixpack_Rips,20,NNET,MLP_sgd,93.7521,60.5616
Sixpack_Rips,20,BST,AdaBoost,93.5484,63.2705
Sixpack_Rips,20,BST,GBM,94.7287,64.8506
Sixpack_Rips,20,BST,HistGBM,96.0956,68.7531
Sixpack_Rips,20,BST,XGB,95.1171,69.9200
Sixpack_Rips,20,BST,LGBM,95.5111,68.1687
Sixpack_Rips,20,BAG,Bag_DT,96.0956,71.2869
Sixpack_Rips,20,BAG,Bag_KNN,95.8957,71.1003
Sixpack_Rips,20,BAG,Bag_SVM,78.7093,34.5688
Sixpack_Rips,20,BAG,Bag_MLP,95.7053,71.4963
Sixpack_Rips,20,BAG,Bag_LR,92.5833,65.8424
Sixpack_Rips,30,RF,RF_n200,96.4915,72.0788
Sixpack_Rips,30,RF,RF_n500,96.4896,73.2496
Sixpack_Rips,30,RF,ET_n200,95.1190,71.6848
Sixpack_Rips,30,RF,ET_n500,95.7034,71.8789
Sixpack_Rips,30,RF,RF_log2,96.2955,72.4672
Sixpack_Rips,30,SVM,SVM_lin,95.3170,67.9726
Sixpack_Rips,30,SVM,SVM_rbf,93.3600,44.9267
Sixpack_Rips,30,SVM,SVM_rbf_C2,94.3404,53.7217
Sixpack_Rips,30,SVM,SVM_poly3,73.6303,25.9699
Sixpack_Rips,30,SVM,SVM_sigmoid,88.6827,40.2342
Sixpack_Rips,30,NNET,MLP_128_64,91.3992,59.5660
Sixpack_Rips,30,NNET,MLP_256_128_64,95.5111,67.3901
Sixpack_Rips,30,NNET,MLP_512,94.1462,67.4034
Sixpack_Rips,30,NNET,MLP_tanh,94.9305,64.0777
Sixpack_Rips,30,NNET,MLP_sgd,93.3657,62.1188
Sixpack_Rips,30,BST,AdaBoost,93.3657,58.9930
Sixpack_Rips,30,BST,GBM,95.7053,68.3666
Sixpack_Rips,30,BST,HistGBM,96.0994,71.3040
Sixpack_Rips,30,BST,XGB,95.7034,70.5216
Sixpack_Rips,30,BST,LGBM,95.5092,71.3002
Sixpack_Rips,30,BAG,Bag_DT,96.4858,69.1453
Sixpack_Rips,30,BAG,Bag_KNN,95.1171,69.3451
Sixpack_Rips,30,BAG,Bag_SVM,93.5580,46.1032
Sixpack_Rips,30,BAG,Bag_MLP,93.2039,69.9029
Sixpack_Rips,30,BAG,Bag_LR,91.8047,67.2111
Sixpack_Rips,50,RF,RF_n200,95.8995,73.4457
Sixpack_Rips,50,RF,RF_n500,95.9014,73.4476
Sixpack_Rips,50,RF,ET_n200,95.5149,73.2477
Sixpack_Rips,50,RF,ET_n500,94.7344,72.0807
Sixpack_Rips,50,RF,RF_log2,96.4877,73.0592
Sixpack_Rips,50,SVM,SVM_lin,93.7521,66.4230
Sixpack_Rips,50,SVM,SVM_rbf,95.7053,61.9341
Sixpack_Rips,50,SVM,SVM_rbf_C2,95.1190,63.3010
Sixpack_Rips,50,SVM,SVM_poly3,73.8226,27.9364
Sixpack_Rips,50,SVM,SVM_sigmoid,93.3638,58.9872
Sixpack_Rips,50,NNET,MLP_128_64,92.7794,62.1245
Sixpack_Rips,50,NNET,MLP_256_128_64,93.5599,61.3516
Sixpack_Rips,50,NNET,MLP_512,93.1734,63.6893
Sixpack_Rips,50,NNET,MLP_tanh,92.3948,65.6444
Sixpack_Rips,50,NNET,MLP_sgd,92.1873,59.9695
Sixpack_Rips,50,BST,AdaBoost,94.1367,62.0998
Sixpack_Rips,50,BST,GBM,95.7072,67.7936
Sixpack_Rips,50,BST,HistGBM,95.5130,70.9061
Sixpack_Rips,50,BST,XGB,95.3151,71.3021
Sixpack_Rips,50,BST,LGBM,95.1247,68.5627
Sixpack_Rips,50,BAG,Bag_DT,95.5149,71.3021
Sixpack_Rips,50,BAG,Bag_KNN,95.5149,71.5020
Sixpack_Rips,50,BAG,Bag_SVM,95.9014,60.9518
Sixpack_Rips,50,BAG,Bag_MLP,95.7516,71.8954
Sixpack_Rips,50,BAG,Bag_LR,91.2126,64.8601
Sixpack_Rips,75,RF,RF_n200,95.7110,73.6417
Sixpack_Rips,75,RF,RF_n500,96.2916,74.8106
Sixpack_Rips,75,RF,ET_n200,94.7306,72.8574
Sixpack_Rips,75,RF,ET_n500,94.5346,72.4710
Sixpack_Rips,75,RF,RF_log2,96.0994,73.8416
Sixpack_Rips,75,SVM,SVM_lin,95.1133,66.6115
Sixpack_Rips,75,SVM,SVM_rbf,95.3170,63.3029
Sixpack_Rips,75,SVM,SVM_rbf_C2,95.1209,63.6874
Sixpack_Rips,75,SVM,SVM_poly3,72.2597,24.6069
Sixpack_Rips,75,SVM,SVM_sigmoid,95.3055,60.7481
Sixpack_Rips,75,NNET,MLP_128_64,90.8319,60.9366
Sixpack_Rips,75,NNET,MLP_256_128_64,95.5149,68.7607
Sixpack_Rips,75,NNET,MLP_512,92.9735,65.4331
Sixpack_Rips,75,NNET,MLP_tanh,91.8085,64.4565
Sixpack_Rips,75,NNET,MLP_sgd,89.8572,60.9518
Sixpack_Rips,75,BST,AdaBoost,95.3132,61.7247
Sixpack_Rips,75,BST,GBM,93.9444,67.3920
Sixpack_Rips,75,BST,HistGBM,96.0994,73.6379
Sixpack_Rips,75,BST,XGB,94.9267,71.2983
Sixpack_Rips,75,BST,LGBM,95.7072,72.4729
Sixpack_Rips,75,BAG,Bag_DT,95.5168,69.9277
Sixpack_Rips,75,BAG,Bag_KNN,96.2878,69.9353
Sixpack_Rips,75,BAG,Bag_SVM,95.5111,62.3225
Sixpack_Rips,75,BAG,Bag_MLP,95.9033,71.6886
Sixpack_Rips,75,BAG,Bag_LR,91.9989,66.0251
Sixpack_Rips,100,RF,RF_n200,96.6838,72.6670
Sixpack_Rips,100,RF,RF_n500,96.4877,73.6417
Sixpack_Rips,100,RF,ET_n200,93.3638,71.0946
Sixpack_Rips,100,RF,ET_n500,93.9501,70.7082
Sixpack_Rips,100,RF,RF_log2,95.5111,72.0826
Sixpack_Rips,100,SVM,SVM_lin,94.7287,64.2661
Sixpack_Rips,100,SVM,SVM_rbf,95.1228,63.1049
Sixpack_Rips,100,SVM,SVM_rbf_C2,95.1209,64.4717
Sixpack_Rips,100,SVM,SVM_poly3,72.4538,24.0168
Sixpack_Rips,100,SVM,SVM_sigmoid,94.1443,64.8620
Sixpack_Rips,100,NNET,MLP_128_64,89.0672,57.2302
Sixpack_Rips,100,NNET,MLP_256_128_64,92.3929,64.0796
Sixpack_Rips,100,NNET,MLP_512,92.7775,66.8094
Sixpack_Rips,100,NNET,MLP_tanh,90.6301,64.6545
Sixpack_Rips,100,NNET,MLP_sgd,91.4087,62.1207
Sixpack_Rips,100,BST,AdaBoost,95.3113,61.3269
Sixpack_Rips,100,BST,GBM,94.5346,68.3762
Sixpack_Rips,100,BST,HistGBM,95.5092,72.0750
Sixpack_Rips,100,BST,XGB,95.1133,69.1491
Sixpack_Rips,100,BST,LGBM,94.9229,70.5159
Sixpack_Rips,100,BAG,Bag_DT,95.9033,70.1237
Sixpack_Rips,100,BAG,Bag_KNN,96.6781,69.1548
Sixpack_Rips,100,BAG,Bag_SVM,95.3170,63.4951
Sixpack_Rips,100,BAG,Bag_MLP,94.1424,70.5197
Sixpack_Rips,100,BAG,Bag_LR,91.2222,65.4445
Sixpack_Chroma,10,RF,RF_n200,94.9210,69.3337
Sixpack_Chroma,10,RF,RF_n500,95.1152,69.5336
Sixpack_Chroma,10,RF,ET_n200,95.3132,69.7278
Sixpack_Chroma,10,RF,ET_n500,95.1171,69.7278
Sixpack_Chroma,10,RF,RF_log2,94.9210,69.3337
Sixpack_Chroma,10,SVM,SVM_lin,96.8799,68.9377
Sixpack_Chroma,10,SVM,SVM_rbf,75.3893,33.5827
Sixpack_Chroma,10,SVM,SVM_rbf_C2,76.1698,34.7497
Sixpack_Chroma,10,SVM,SVM_poly3,73.2439,24.4089
Sixpack_Chroma,10,SVM,SVM_sigmoid,75.5835,32.4139
Sixpack_Chroma,10,NNET,MLP_128_64,92.5738,57.6052
Sixpack_Chroma,10,NNET,MLP_256_128_64,92.7679,60.1333
Sixpack_Chroma,10,NNET,MLP_512,94.1443,63.6722
Sixpack_Chroma,10,NNET,MLP_tanh,91.2203,59.7754
Sixpack_Chroma,10,NNET,MLP_sgd,88.1001,47.4624
Sixpack_Chroma,10,BST,AdaBoost,91.6010,56.2612
Sixpack_Chroma,10,BST,GBM,93.7559,67.7860
Sixpack_Chroma,10,BST,HistGBM,93.9482,67.7898
Sixpack_Chroma,10,BST,XGB,93.1677,67.1940
Sixpack_Chroma,10,BST,LGBM,93.7502,67.1940
Sixpack_Chroma,10,BAG,Bag_DT,93.9463,70.1199
Sixpack_Chroma,10,BAG,Bag_KNN,94.7306,67.5728
Sixpack_Chroma,10,BAG,Bag_SVM,75.7777,33.7769
Sixpack_Chroma,10,BAG,Bag_MLP,95.7053,67.5785
Sixpack_Chroma,10,BAG,Bag_LR,95.3170,68.5532
Sixpack_Chroma,20,RF,RF_n200,95.3132,69.9181
Sixpack_Chroma,20,RF,RF_n500,95.5111,69.9200
Sixpack_Chroma,20,RF,ET_n200,95.8919,71.6733
Sixpack_Chroma,20,RF,ET_n500,95.5016,71.0908
Sixpack_Chroma,20,RF,RF_log2,95.3132,69.9181
Sixpack_Chroma,20,SVM,SVM_lin,96.2916,69.7202
Sixpack_Chroma,20,SVM,SVM_rbf,76.5582,35.5435
Sixpack_Chroma,20,SVM,SVM_rbf_C2,79.1015,37.6908
Sixpack_Chroma,20,SVM,SVM_poly3,73.8340,23.8188
Sixpack_Chroma,20,SVM,SVM_sigmoid,76.9484,35.1456
Sixpack_Chroma,20,NNET,MLP_128_64,91.4087,61.1289
Sixpack_Chroma,20,NNET,MLP_256_128_64,93.7579,64.6450
Sixpack_Chroma,20,NNET,MLP_512,94.3404,63.4799
Sixpack_Chroma,20,NNET,MLP_tanh,92.7679,64.2471
Sixpack_Chroma,20,NNET,MLP_sgd,89.4594,55.0733
Sixpack_Chroma,20,BST,AdaBoost,91.4163,55.4826
Sixpack_Chroma,20,BST,GBM,93.1734,69.3413
Sixpack_Chroma,20,BST,HistGBM,94.9191,72.2597
Sixpack_Chroma,20,BST,XGB,94.3366,70.7101
Sixpack_Chroma,20,BST,LGBM,94.5307,71.2869
Sixpack_Chroma,20,BAG,Bag_DT,95.3113,69.9162
Sixpack_Chroma,20,BAG,Bag_KNN,93.9482,64.4508
Sixpack_Chroma,20,BAG,Bag_SVM,78.9035,36.5163
Sixpack_Chroma,20,BAG,Bag_MLP,95.5111,67.7708
Sixpack_Chroma,20,BAG,Bag_LR,93.7502,70.6986
Sixpack_Chroma,30,RF,RF_n200,95.8957,70.6967
Sixpack_Chroma,30,RF,RF_n500,95.3132,71.2831
Sixpack_Chroma,30,RF,ET_n200,94.9172,70.5102
Sixpack_Chroma,30,RF,ET_n500,95.1152,70.8947
Sixpack_Chroma,30,RF,RF_log2,95.3132,70.3027
Sixpack_Chroma,30,SVM,SVM_lin,96.4858,71.0927
Sixpack_Chroma,30,SVM,SVM_rbf,83.7864,38.4713
Sixpack_Chroma,30,SVM,SVM_rbf_C2,90.8129,43.9330
Sixpack_Chroma,30,SVM,SVM_poly3,73.2477,23.2362
Sixpack_Chroma,30,SVM,SVM_sigmoid,81.0508,36.9027
Sixpack_Chroma,30,NNET,MLP_128_64,93.3638,62.3015
Sixpack_Chroma,30,NNET,MLP_256_128_64,94.1462,63.8664
Sixpack_Chroma,30,NNET,MLP_512,95.7129,67.1864
Sixpack_Chroma,30,NNET,MLP_tanh,94.5479,63.2972
Sixpack_Chroma,30,NNET,MLP_sgd,92.5757,59.1700
Sixpack_Chroma,30,BST,AdaBoost,92.9659,60.9233
Sixpack_Chroma,30,BST,GBM,93.9482,70.8985
Sixpack_Chroma,30,BST,HistGBM,94.7230,71.2869
Sixpack_Chroma,30,BST,XGB,94.1386,69.9181
Sixpack_Chroma,30,BST,LGBM,95.6996,72.8422
Sixpack_Chroma,30,BAG,Bag_DT,95.5073,68.9397
Sixpack_Chroma,30,BAG,Bag_KNN,95.5130,65.8195
Sixpack_Chroma,30,BAG,Bag_SVM,83.2096,37.1064
Sixpack_Chroma,30,BAG,Bag_MLP,95.1456,73.3010
Sixpack_Chroma,30,BAG,Bag_LR,95.6977,70.4931
Sixpack_Chroma,50,RF,RF_n200,95.7072,72.6499
Sixpack_Chroma,50,RF,RF_n500,96.4839,72.8422
Sixpack_Chroma,50,RF,ET_n200,95.8957,72.4557
Sixpack_Chroma,50,RF,ET_n500,95.8957,72.8441
Sixpack_Chroma,50,RF,RF_log2,96.4858,72.4538
Sixpack_Chroma,50,SVM,SVM_lin,96.0918,69.7240
Sixpack_Chroma,50,SVM,SVM_rbf,95.9014,51.1670
Sixpack_Chroma,50,SVM,SVM_rbf_C2,96.2897,58.9853
Sixpack_Chroma,50,SVM,SVM_poly3,71.2945,21.6790
Sixpack_Chroma,50,SVM,SVM_sigmoid,93.9406,45.4978
Sixpack_Chroma,50,NNET,MLP_128_64,92.7737,64.8391
Sixpack_Chroma,50,NNET,MLP_256_128_64,95.7091,66.8018
Sixpack_Chroma,50,NNET,MLP_512,95.3170,70.7025
Sixpack_Chroma,50,NNET,MLP_tanh,92.9621,67.9650
Sixpack_Chroma,50,NNET,MLP_sgd,93.5523,63.6684
Sixpack_Chroma,50,BST,AdaBoost,95.3074,59.5660
Sixpack_Chroma,50,BST,GBM,94.9286,70.6986
Sixpack_Chroma,50,BST,HistGBM,95.8938,73.8283
Sixpack_Chroma,50,BST,XGB,94.9210,71.6752
Sixpack_Chroma,50,BST,LGBM,95.5016,73.4266
Sixpack_Chroma,50,BAG,Bag_DT,95.1190,70.5102
Sixpack_Chroma,50,BAG,Bag_KNN,97.2663,67.9631
Sixpack_Chroma,50,BAG,Bag_SVM,95.7072,52.9431
Sixpack_Chroma,50,BAG,Bag_MLP,96.4052,72.5490
Sixpack_Chroma,50,BAG,Bag_LR,93.3562,70.4931
Sixpack_Chroma,75,RF,RF_n200,95.8957,72.0712
Sixpack_Chroma,75,RF,RF_n500,95.8995,72.2635
Sixpack_Chroma,75,RF,ET_n200,96.4820,70.7082
Sixpack_Chroma,75,RF,ET_n500,96.6762,71.2907
Sixpack_Chroma,75,RF,RF_log2,96.4839,72.2654
Sixpack_Chroma,75,SVM,SVM_lin,96.2897,71.6828
Sixpack_Chroma,75,SVM,SVM_rbf,96.4839,61.7133
Sixpack_Chroma,75,SVM,SVM_rbf_C2,96.8761,65.0428
Sixpack_Chroma,75,SVM,SVM_poly3,69.9200,20.6986
Sixpack_Chroma,75,SVM,SVM_sigmoid,96.2897,58.3876
Sixpack_Chroma,75,NNET,MLP_128_64,92.9697,64.4641
Sixpack_Chroma,75,NNET,MLP_256_128_64,96.8761,70.6967
Sixpack_Chroma,75,NNET,MLP_512,94.5365,70.3141
Sixpack_Chroma,75,NNET,MLP_tanh,93.1677,66.5981
Sixpack_Chroma,75,NNET,MLP_sgd,92.9716,65.4217
Sixpack_Chroma,75,BST,AdaBoost,93.3619,61.1308
Sixpack_Chroma,75,BST,GBM,93.7559,72.4615
Sixpack_Chroma,75,BST,HistGBM,95.5054,73.6189
Sixpack_Chroma,75,BST,XGB,95.3132,72.4576
Sixpack_Chroma,75,BST,LGBM,95.5073,74.2109
Sixpack_Chroma,75,BAG,Bag_DT,95.5092,69.9277
Sixpack_Chroma,75,BAG,Bag_KNN,97.0721,66.6000
Sixpack_Chroma,75,BAG,Bag_SVM,96.6800,62.1112
Sixpack_Chroma,75,BAG,Bag_MLP,95.9014,71.8732
Sixpack_Chroma,75,BAG,Bag_LR,92.3815,66.9865
Sixpack_Chroma,100,RF,RF_n200,96.2916,71.8694
Sixpack_Chroma,100,RF,RF_n500,96.2916,71.6771
Sixpack_Chroma,100,RF,ET_n200,95.5111,70.7063
Sixpack_Chroma,100,RF,ET_n500,95.3132,69.9219
Sixpack_Chroma,100,RF,RF_log2,95.5092,70.7006
Sixpack_Chroma,100,SVM,SVM_lin,96.2840,68.9454
Sixpack_Chroma,100,SVM,SVM_rbf,96.4858,63.8664
Sixpack_Chroma,100,SVM,SVM_rbf_C2,96.8761,66.7961
Sixpack_Chroma,100,SVM,SVM_poly3,70.5045,20.8947
Sixpack_Chroma,100,SVM,SVM_sigmoid,97.2644,61.8999
Sixpack_Chroma,100,NNET,MLP_128_64,93.3562,60.9271
Sixpack_Chroma,100,NNET,MLP_256_128_64,94.5326,66.5981
Sixpack_Chroma,100,NNET,MLP_512,92.9697,66.4021
Sixpack_Chroma,100,NNET,MLP_tanh,93.1563,66.7771
Sixpack_Chroma,100,NNET,MLP_sgd,93.7559,63.2819
Sixpack_Chroma,100,BST,AdaBoost,94.7211,62.3034
Sixpack_Chroma,100,BST,GBM,94.9210,70.8928
Sixpack_Chroma,100,BST,HistGBM,95.3093,72.2559
Sixpack_Chroma,100,BST,XGB,95.1152,71.8713
Sixpack_Chroma,100,BST,LGBM,95.6977,72.4519
Sixpack_Chroma,100,BAG,Bag_DT,95.7015,70.1104
Sixpack_Chroma,100,BAG,Bag_KNN,96.2897,66.2041
Sixpack_Chroma,100,BAG,Bag_SVM,96.6800,61.7190
Sixpack_Chroma,100,BAG,Bag_MLP,95.7091,71.6828
Sixpack_Chroma,100,BAG,Bag_LR,92.9697,67.5690
Inter+Ord,10,RF,RF_n200,93.9558,70.7101
Inter+Ord,10,RF,RF_n500,93.7598,70.7101
Inter+Ord,10,RF,ET_n200,93.7579,70.5178
Inter+Ord,10,RF,ET_n500,93.7579,70.5159
Inter+Ord,10,RF,RF_log2,93.9558,70.7101
Inter+Ord,10,SVM,SVM_lin,93.5618,67.7860
Inter+Ord,10,SVM,SVM_rbf,71.8732,26.1698
Inter+Ord,10,SVM,SVM_rbf_C2,74.2147,32.0141
Inter+Ord,10,SVM,SVM_poly3,72.6613,22.4557
Inter+Ord,10,SVM,SVM_sigmoid,72.0750,26.1698
Inter+Ord,10,NNET,MLP_128_64,91.4182,57.2302
Inter+Ord,10,NNET,MLP_256_128_64,89.8648,59.8039
Inter+Ord,10,NNET,MLP_512,91.4125,59.5679
Inter+Ord,10,NNET,MLP_tanh,91.6181,64.2814
Inter+Ord,10,NNET,MLP_sgd,83.2077,40.0666
Inter+Ord,10,BST,AdaBoost,87.8926,51.3745
Inter+Ord,10,BST,GBM,93.7540,64.8487
Inter+Ord,10,BST,HistGBM,93.1658,64.8468
Inter+Ord,10,BST,XGB,92.3929,67.7765
Inter+Ord,10,BST,LGBM,92.9735,67.7746
Inter+Ord,10,BAG,Bag_DT,92.5909,67.5880
Inter+Ord,10,BAG,Bag_KNN,92.7889,65.4426
Inter+Ord,10,BAG,Bag_SVM,72.4615,26.3659
Inter+Ord,10,BAG,Bag_MLP,92.9831,66.0308
Inter+Ord,10,BAG,Bag_LR,92.7775,67.0074
Inter+Ord,20,RF,RF_n200,95.1190,71.2888
Inter+Ord,20,RF,RF_n500,94.9229,71.6771
Inter+Ord,20,RF,ET_n200,95.1171,71.6828
Inter+Ord,20,RF,ET_n500,94.7249,71.6809
Inter+Ord,20,RF,RF_log2,95.1190,71.2888
Inter+Ord,20,SVM,SVM_lin,95.8976,72.2749
Inter+Ord,20,SVM,SVM_rbf,91.1974,49.3965
Inter+Ord,20,SVM,SVM_rbf_C2,92.1740,58.1858
Inter+Ord,20,SVM,SVM_poly3,73.0516,24.6069
Inter+Ord,20,SVM,SVM_sigmoid,89.2423,43.5351
Inter+Ord,20,NNET,MLP_128_64,92.9697,60.7329
Inter+Ord,20,NNET,MLP_256_128_64,92.5738,60.5330
Inter+Ord,20,NNET,MLP_512,94.3404,66.0194
Inter+Ord,20,NNET,MLP_tanh,92.9697,63.2895
Inter+Ord,20,NNET,MLP_sgd,92.3796,53.6893
Inter+Ord,20,BST,AdaBoost,92.9640,57.0436
Inter+Ord,20,BST,GBM,94.7249,66.7904
Inter+Ord,20,BST,HistGBM,94.5269,67.7822
Inter+Ord,20,BST,XGB,93.7540,67.7670
Inter+Ord,20,BST,LGBM,94.5288,68.7569
Inter+Ord,20,BAG,Bag_DT,94.7306,68.9416
Inter+Ord,20,BAG,Bag_KNN,95.1133,66.5924
Inter+Ord,20,BAG,Bag_SVM,90.0228,50.7539
Inter+Ord,20,BAG,Bag_MLP,94.9286,68.5570
Inter+Ord,20,BAG,Bag_LR,93.5618,69.9410
Inter+Ord,30,RF,RF_n200,95.7053,71.2983
Inter+Ord,30,RF,RF_n500,95.9014,71.8789
Inter+Ord,30,RF,ET_n200,95.5092,71.6790
Inter+Ord,30,RF,ET_n500,94.3404,71.2907
Inter+Ord,30,RF,RF_log2,95.1190,71.8846
Inter+Ord,30,SVM,SVM_lin,94.9229,69.3394
Inter+Ord,30,SVM,SVM_rbf,94.3347,60.1542
Inter+Ord,30,SVM,SVM_rbf_C2,96.6819,65.4293
Inter+Ord,30,SVM,SVM_poly3,71.6867,24.0168
Inter+Ord,30,SVM,SVM_sigmoid,91.0166,56.0518
Inter+Ord,30,NNET,MLP_128_64,91.2126,56.8342
Inter+Ord,30,NNET,MLP_256_128_64,93.9558,67.2054
Inter+Ord,30,NNET,MLP_512,94.1462,69.3394
Inter+Ord,30,NNET,MLP_tanh,92.7851,64.4755
Inter+Ord,30,NNET,MLP_sgd,90.6225,56.6343
Inter+Ord,30,BST,AdaBoost,93.1601,57.6223
Inter+Ord,30,BST,GBM,93.5561,68.3514
Inter+Ord,30,BST,HistGBM,93.9482,70.3103
Inter+Ord,30,BST,XGB,93.9501,68.9435
Inter+Ord,30,BST,LGBM,93.9482,70.5102
Inter+Ord,30,BAG,Bag_DT,94.1443,68.7550
Inter+Ord,30,BAG,Bag_KNN,94.9210,64.8449
Inter+Ord,30,BAG,Bag_SVM,93.9425,58.5970
Inter+Ord,30,BAG,Bag_MLP,94.1748,70.3883
Inter+Ord,30,BAG,Bag_LR,91.6029,68.7588
Inter+Ord,50,RF,RF_n200,96.2935,71.2983
Inter+Ord,50,RF,RF_n500,95.8995,72.2692
Inter+Ord,50,RF,ET_n200,95.1247,71.2850
Inter+Ord,50,RF,ET_n500,95.1247,71.4830
Inter+Ord,50,RF,RF_log2,95.9014,71.6771
Inter+Ord,50,SVM,SVM_lin,95.9014,68.9492
Inter+Ord,50,SVM,SVM_rbf,94.3385,64.2642
Inter+Ord,50,SVM,SVM_rbf_C2,96.0994,67.9745
Inter+Ord,50,SVM,SVM_poly3,73.2381,21.4715
Inter+Ord,50,SVM,SVM_sigmoid,93.7483,61.1213
Inter+Ord,50,NNET,MLP_128_64,91.7952,59.1833
Inter+Ord,50,NNET,MLP_256_128_64,94.3328,66.4002
Inter+Ord,50,NNET,MLP_512,93.7559,63.6855
Inter+Ord,50,NNET,MLP_tanh,92.9754,65.0257
Inter+Ord,50,NNET,MLP_sgd,91.4049,61.5229
Inter+Ord,50,BST,AdaBoost,93.7540,61.1365
Inter+Ord,50,BST,GBM,95.3151,68.1591
Inter+Ord,50,BST,HistGBM,94.3366,70.9023
Inter+Ord,50,BST,XGB,94.5346,69.5298
Inter+Ord,50,BST,LGBM,94.7268,71.2907
Inter+Ord,50,BAG,Bag_DT,94.5326,70.5102
Inter+Ord,50,BAG,Bag_KNN,94.9286,65.6215
Inter+Ord,50,BAG,Bag_SVM,94.3366,65.0466
Inter+Ord,50,BAG,Bag_MLP,96.4052,68.6275
Inter+Ord,50,BAG,Bag_LR,93.7540,65.6292
Inter+Ord,75,RF,RF_n200,95.3151,71.2964
Inter+Ord,75,RF,RF_n500,95.7034,72.2768
Inter+Ord,75,RF,ET_n200,93.9520,69.1453
Inter+Ord,75,RF,ET_n500,94.1462,70.5121
Inter+Ord,75,RF,RF_log2,95.1228,72.0807
Inter+Ord,75,SVM,SVM_lin,95.5073,66.2117
Inter+Ord,75,SVM,SVM_rbf,95.7072,66.4135
Inter+Ord,75,SVM,SVM_rbf_C2,95.3189,67.5804
Inter+Ord,75,SVM,SVM_poly3,71.8770,20.1104
Inter+Ord,75,SVM,SVM_sigmoid,92.3872,65.6215
Inter+Ord,75,NNET,MLP_128_64,91.9970,63.4761
Inter+Ord,75,NNET,MLP_256_128_64,93.1601,67.0017
Inter+Ord,75,NNET,MLP_512,94.5326,69.7240
Inter+Ord,75,NNET,MLP_tanh,90.8224,63.4609
Inter+Ord,75,NNET,MLP_sgd,90.0362,59.5603
Inter+Ord,75,BST,AdaBoost,93.7464,55.4731
Inter+Ord,75,BST,GBM,94.1519,66.9922
Inter+Ord,75,BST,HistGBM,93.9539,68.5627
Inter+Ord,75,BST,XGB,94.7325,69.5336
Inter+Ord,75,BST,LGBM,94.5365,69.5431
Inter+Ord,75,BAG,Bag_DT,93.1715,69.3451
Inter+Ord,75,BAG,Bag_KNN,95.3151,67.1864
Inter+Ord,75,BAG,Bag_SVM,95.3170,66.0194
Inter+Ord,75,BAG,Bag_MLP,96.0918,69.5355
Inter+Ord,75,BAG,Bag_LR,92.7717,64.4603
Inter+Ord,100,RF,RF_n200,95.3151,71.4982
Inter+Ord,100,RF,RF_n500,95.7053,72.4672
Inter+Ord,100,RF,ET_n200,94.1481,67.1883
Inter+Ord,100,RF,ET_n500,94.1462,68.7474
Inter+Ord,100,RF,RF_log2,95.1190,72.2692
Inter+Ord,100,SVM,SVM_lin,95.6996,68.3571
Inter+Ord,100,SVM,SVM_rbf,95.3151,66.9960
Inter+Ord,100,SVM,SVM_rbf_C2,95.1209,68.3628
Inter+Ord,100,SVM,SVM_poly3,70.7063,19.5260
Inter+Ord,100,SVM,SVM_sigmoid,94.3404,69.3375
Inter+Ord,100,NNET,MLP_128_64,91.0166,61.9037
Inter+Ord,100,NNET,MLP_256_128_64,91.8028,64.6431
Inter+Ord,100,NNET,MLP_512,94.1367,67.1807
Inter+Ord,100,NNET,MLP_tanh,89.2671,61.9151
Inter+Ord,100,NNET,MLP_sgd,91.4106,60.5464
Inter+Ord,100,BST,AdaBoost,93.9425,54.6945
Inter+Ord,100,BST,GBM,94.9267,68.9492
Inter+Ord,100,BST,HistGBM,93.7559,68.3762
Inter+Ord,100,BST,XGB,95.3208,69.3470
Inter+Ord,100,BST,LGBM,94.1462,69.5317
Inter+Ord,100,BAG,Bag_DT,93.7521,68.9530
Inter+Ord,100,BAG,Bag_KNN,96.4896,70.1199
Inter+Ord,100,BAG,Bag_SVM,95.7072,67.5823
Inter+Ord,100,BAG,Bag_MLP,94.9229,67.5690
Inter+Ord,100,BAG,Bag_LR,94.1348,66.4078
3D+Ord,10,RF,RF_n200,95.8957,69.1510
3D+Ord,10,RF,RF_n500,95.7034,68.3743
3D+Ord,10,RF,ET_n200,95.3170,68.9568
3D+Ord,10,RF,ET_n500,95.3170,69.3470
3D+Ord,10,RF,RF_log2,95.8957,69.1510
3D+Ord,10,SVM,SVM_lin,95.3170,69.1433
3D+Ord,10,SVM,SVM_rbf,71.1003,24.4165
3D+Ord,10,SVM,SVM_rbf_C2,70.9061,24.8068
3D+Ord,10,SVM,SVM_poly3,72.2654,19.3280
3D+Ord,10,SVM,SVM_sigmoid,72.8517,25.5873
3D+Ord,10,NNET,MLP_128_64,88.8692,51.5458
3D+Ord,10,NNET,MLP_256_128_64,91.9912,58.9987
3D+Ord,10,NNET,MLP_512,91.4030,59.9714
3D+Ord,10,NNET,MLP_tanh,91.0109,62.8860
3D+Ord,10,NNET,MLP_sgd,82.2311,39.4536
3D+Ord,10,BST,AdaBoost,90.8167,54.2966
3D+Ord,10,BST,GBM,93.7502,64.8468
3D+Ord,10,BST,HistGBM,94.7268,65.8214
3D+Ord,10,BST,XGB,95.1171,68.5646
3D+Ord,10,BST,LGBM,94.5346,66.8037
3D+Ord,10,BAG,Bag_DT,94.1443,66.2174
3D+Ord,10,BAG,Bag_KNN,95.7034,66.4154
3D+Ord,10,BAG,Bag_SVM,71.8789,24.8030
3D+Ord,10,BAG,Bag_MLP,95.1114,68.9492
3D+Ord,10,BAG,Bag_LR,95.3074,68.5570
3D+Ord,20,RF,RF_n200,96.2878,71.8865
3D+Ord,20,RF,RF_n500,96.6781,71.4944
3D+Ord,20,RF,ET_n200,95.1190,69.9315
3D+Ord,20,RF,ET_n500,95.3151,70.7044
3D+Ord,20,RF,RF_log2,96.2878,71.8865
3D+Ord,20,SVM,SVM_lin,95.5073,68.7607
3D+Ord,20,SVM,SVM_rbf,71.8713,24.6088
3D+Ord,20,SVM,SVM_rbf_C2,73.2286,26.5505
3D+Ord,20,SVM,SVM_poly3,72.2635,21.0870
3D+Ord,20,SVM,SVM_sigmoid,72.6537,26.7542
3D+Ord,20,NNET,MLP_128_64,93.7445,59.9486
3D+Ord,20,NNET,MLP_256_128_64,93.9406,62.2882
3D+Ord,20,NNET,MLP_512,93.3543,60.9404
3D+Ord,20,NNET,MLP_tanh,93.9425,64.4432
3D+Ord,20,NNET,MLP_sgd,91.9855,50.1599
3D+Ord,20,BST,AdaBoost,93.5523,61.3307
3D+Ord,20,BST,GBM,95.8957,67.3882
3D+Ord,20,BST,HistGBM,96.6800,70.5102
3D+Ord,20,BST,XGB,96.6800,71.6867
3D+Ord,20,BST,LGBM,96.2878,72.4672
3D+Ord,20,BAG,Bag_DT,95.1190,69.3394
3D+Ord,20,BAG,Bag_KNN,93.3619,67.1845
3D+Ord,20,BAG,Bag_SVM,72.0693,24.6088
3D+Ord,20,BAG,Bag_MLP,95.8957,70.8909
3D+Ord,20,BAG,Bag_LR,94.9191,70.1199
3D+Ord,30,RF,RF_n200,96.2935,73.2496
3D+Ord,30,RF,RF_n500,96.0975,73.8340
3D+Ord,30,RF,ET_n200,95.3151,73.6303
3D+Ord,30,RF,ET_n500,95.7053,73.8226
3D+Ord,30,RF,RF_log2,96.0956,74.6183
3D+Ord,30,SVM,SVM_lin,94.9267,70.7063
3D+Ord,30,SVM,SVM_rbf,94.7211,54.2985
3D+Ord,30,SVM,SVM_rbf_C2,95.3093,55.2922
3D+Ord,30,SVM,SVM_poly3,71.8694,19.9124
3D+Ord,30,SVM,SVM_sigmoid,89.2500,41.6029
3D+Ord,30,NNET,MLP_128_64,94.1462,60.5635
3D+Ord,30,NNET,MLP_256_128_64,94.3404,66.8094
3D+Ord,30,NNET,MLP_512,94.1443,66.2136
3D+Ord,30,NNET,MLP_tanh,94.1500,64.8696
3D+Ord,30,NNET,MLP_sgd,93.7521,57.8298
3D+Ord,30,BST,AdaBoost,95.1171,58.5799
3D+Ord,30,BST,GBM,95.7034,69.7335
3D+Ord,30,BST,HistGBM,96.4820,73.4323
3D+Ord,30,BST,XGB,96.2897,72.0712
3D+Ord,30,BST,LGBM,96.2878,73.4361
3D+Ord,30,BAG,Bag_DT,96.0956,71.4944
3D+Ord,30,BAG,Bag_KNN,95.8957,69.5279
3D+Ord,30,BAG,Bag_SVM,94.1348,47.4776
3D+Ord,30,BAG,Bag_MLP,95.6311,71.3592
3D+Ord,30,BAG,Bag_LR,94.3404,68.9568
3D+Ord,50,RF,RF_n200,96.2878,74.6145
3D+Ord,50,RF,RF_n500,96.8761,74.6164
3D+Ord,50,RF,ET_n200,96.4858,73.4342
3D+Ord,50,RF,ET_n500,96.0937,73.0402
3D+Ord,50,RF,RF_log2,96.0956,74.6126
3D+Ord,50,SVM,SVM_lin,96.4858,70.1180
3D+Ord,50,SVM,SVM_rbf,94.5250,57.0436
3D+Ord,50,SVM,SVM_rbf_C2,94.1348,60.3598
3D+Ord,50,SVM,SVM_poly3,71.6733,20.1066
3D+Ord,50,SVM,SVM_sigmoid,95.1190,52.1588
3D+Ord,50,NNET,MLP_128_64,94.7344,66.0289
3D+Ord,50,NNET,MLP_256_128_64,92.5776,65.0276
3D+Ord,50,NNET,MLP_512,95.7072,65.6311
3D+Ord,50,NNET,MLP_tanh,94.7344,66.8037
3D+Ord,50,NNET,MLP_sgd,92.5909,59.0120
3D+Ord,50,BST,AdaBoost,96.6819,62.3034
3D+Ord,50,BST,GBM,95.7110,70.3217
3D+Ord,50,BST,HistGBM,95.4978,73.2305
3D+Ord,50,BST,XGB,96.2840,72.2578
3D+Ord,50,BST,LGBM,95.8938,73.4342
3D+Ord,50,BAG,Bag_DT,95.3151,69.5355
3D+Ord,50,BAG,Bag_KNN,94.9248,66.7942
3D+Ord,50,BAG,Bag_SVM,94.9191,54.5079
3D+Ord,50,BAG,Bag_MLP,96.4052,74.1830
3D+Ord,50,BAG,Bag_LR,94.7249,67.7879
3D+Ord,75,RF,RF_n200,95.8995,74.0187
3D+Ord,75,RF,RF_n500,96.0975,74.2223
3D+Ord,75,RF,ET_n200,95.8995,71.6771
3D+Ord,75,RF,ET_n500,96.2916,71.0984
3D+Ord,75,RF,RF_log2,96.2897,72.2711
3D+Ord,75,SVM,SVM_lin,95.1171,69.1414
3D+Ord,75,SVM,SVM_rbf,95.1171,59.5831
3D+Ord,75,SVM,SVM_rbf_C2,95.5054,65.6292
3D+Ord,75,SVM,SVM_poly3,71.8713,19.7144
3D+Ord,75,SVM,SVM_sigmoid,96.2859,62.3034
3D+Ord,75,NNET,MLP_128_64,95.1190,67.5861
3D+Ord,75,NNET,MLP_256_128_64,95.9033,68.1782
3D+Ord,75,NNET,MLP_512,94.5346,66.9979
3D+Ord,75,NNET,MLP_tanh,92.9754,67.1959
3D+Ord,75,NNET,MLP_sgd,94.1481,60.3579
3D+Ord,75,BST,AdaBoost,95.1171,61.7057
3D+Ord,75,BST,GBM,94.9191,69.7297
3D+Ord,75,BST,HistGBM,97.0664,73.2401
3D+Ord,75,BST,XGB,96.6781,72.8460
3D+Ord,75,BST,LGBM,96.2859,73.8302
3D+Ord,75,BAG,Bag_DT,95.3113,70.7120
3D+Ord,75,BAG,Bag_KNN,95.3151,67.9669
3D+Ord,75,BAG,Bag_SVM,95.1171,59.5831
3D+Ord,75,BAG,Bag_MLP,96.0956,72.2673
3D+Ord,75,BAG,Bag_LR,93.5618,68.9473
3D+Ord,100,RF,RF_n200,96.6800,73.2496
3D+Ord,100,RF,RF_n500,96.8761,73.2496
3D+Ord,100,RF,ET_n200,95.9014,72.4691
3D+Ord,100,RF,ET_n500,95.9014,71.4849
3D+Ord,100,RF,RF_log2,96.2916,73.6341
3D+Ord,100,SVM,SVM_lin,97.2701,67.7765
3D+Ord,100,SVM,SVM_rbf,95.5073,63.2953
3D+Ord,100,SVM,SVM_rbf_C2,95.8976,67.1997
3D+Ord,100,SVM,SVM_poly3,72.0674,19.7164
3D+Ord,100,SVM,SVM_sigmoid,96.4877,66.8075
3D+Ord,100,NNET,MLP_128_64,89.8496,57.6204
3D+Ord,100,NNET,MLP_256_128_64,93.7540,66.9865
3D+Ord,100,NNET,MLP_512,94.1424,67.5785
3D+Ord,100,NNET,MLP_tanh,91.8085,62.1055
3D+Ord,100,NNET,MLP_sgd,91.0280,62.3244
3D+Ord,100,BST,AdaBoost,95.5130,61.9189
3D+Ord,100,BST,GBM,95.3132,69.5412
3D+Ord,100,BST,HistGBM,96.8723,73.8226
3D+Ord,100,BST,XGB,96.4801,72.0617
3D+Ord,100,BST,LGBM,95.6996,72.2597
3D+Ord,100,BAG,Bag_DT,95.3132,69.3470
3D+Ord,100,BAG,Bag_KNN,95.7034,69.5279
3D+Ord,100,BAG,Bag_SVM,95.3132,63.0878
3D+Ord,100,BAG,Bag_MLP,95.7072,72.6556
3D+Ord,100,BAG,Bag_LR,94.7268,67.7765
